Key,Value
CellProfiler_Version,4.2.8
ChannelType_DAPI,Grayscale
ChannelType_VIP,Grayscale
ChannelType_alpha7,Grayscale
ChannelType_beta2,Grayscale
ImageSet_Zip_Dictionary,b'eG1sMCI/T01Fd3cub3BjLi9PTUU2PjxJbWFnZSBJRD0iREFQSSI+PFBpeGVscyBEaW1lbnNpb25PcmRlcj0iWFlDWlQiIElEPSJQaXhlbHM6REFQSSIgU2l6ZVQ9IjEiIFNpemVYPSIxIiBTaXplWT0iMSI+PFRpZmZEYXRhIEZpcnN0Qz0iMCIgRmlyc3RUPSIwIiBGaXJzdFo9IjAiIElGRD0iMCIgUGxhbmVDb3VudD0iMSI+PFVVSUQgRmlsZU5hbWU9ImZpbGU6L2hvbWUvbWFudWVsZmVsbGluZS9DZWxscHJvZmlsZXJEYXRhL1JOQXNjb3BlJTIwaW1hZ2VzL1MyL0FMTCUyMFBGQy9XVF9DNTdCTF9tMi0zX19TMi50aWYudGlmIi8+PC9UaWZmRGF0YT48UGxhbmUgVGhlQz0iMCIgVGhlVD0iMCIgVGhlWj0iMCIvPjwvUGl4ZWxzPjwvSW1hZ2U+PEltYWdlIElEPSJWSVBWSVAiYWxwaGE3YWxwaGE3ImxwaFMyLnRpZi8+PGlQbGFuZSBUaGVDPSIwIiBUaGVUPSIwIlo9IjAiLz48L3g+PC9JbWFnZSBJYmV0YTIiPjxQaXhlbHMgbmRlclQiIElEPSJiZXRhMiIgU2l6ZT0iMSIgU2l6ZVg9IjEiWT0iMSI+PFRpZmZEYXRhIEZpcnN0Qz0iMCIgRmlyc3RUPSIwIiBaPSIwIkQ9ImxhbnQ9IjFVSUQgRmlmaWxlOm1ldWVsZWxsaW5lL3JvTnNjb3BlaW1hL1NBTCUyMEZDX20tTw=='
Metadata_Tags,"[""ImageNumber""]"
Pipeline_Pipeline,"CellProfiler Pipeline: http://www.cellprofiler.org
Version:5
DateRevision:428
GitHash:
ModuleCount:25
HasImagePlaneDetails:False

Images:[module_num:1|svn_version:'Unknown'|variable_revision_number:2|show_window:False|notes:['To begin creating your project, use the Images module to compile a list of files and/or folders that you want to analyze. You can also specify a set of rules to include only the desired files in your selected folders.']|batch_state:array([], dtype=uint8)|enabled:True|wants_pause:False]
    :
    Filter images?:Images only
    Select the rule criteria:and (extension does isimage) (directory doesnot containregexp ""[\\\\/]\\."")

Metadata:[module_num:2|svn_version:'Unknown'|variable_revision_number:6|show_window:False|notes:['The Metadata module optionally allows you to extract information describing your images (i.e, metadata) which will be stored along with your measurements. This information can be contained in the file name and/or location, or in an external file.']|batch_state:array([], dtype=uint8)|enabled:True|wants_pause:False]
    Extract metadata?:Yes
    Metadata data type:Text
    Metadata types:{}
    Extraction method count:1
    Metadata extraction method:Extract from file/folder names
    Metadata source:File name
    Regular expression to extract from file name:(?P<animal>WT_C57BL6_m2-3)_(?P<Channel>DAPI|VIP|alpha7|beta2)_(?P<Site>S\d+)
    Regular expression to extract from folder name:(?P<Date>[0-9]{4}_[0-9]{2}_[0-9]{2})$
    Extract metadata from:All images
    Select the filtering criteria:and (file does contain """")
    Metadata file location:Elsewhere...|
    Match file and image metadata:[]
    Use case insensitive matching?:No
    Metadata file name:None
    Does cached metadata exist?:No

NamesAndTypes:[module_num:3|svn_version:'Unknown'|variable_revision_number:8|show_window:False|notes:['The NamesAndTypes module allows you to assign a meaningful name to each image by which other modules will refer to it.']|batch_state:array([], dtype=uint8)|enabled:True|wants_pause:False]
    Assign a name to:Images matching rules
    Select the image type:Grayscale image
    Name to assign these images:DAPI
    Match metadata:[]
    Image set matching method:Order
    Set intensity range from:Image bit-depth
    Assignments count:4
    Single images count:0
    Maximum intensity:255.0
    Process as 3D?:No
    Relative pixel spacing in X:1.0
    Relative pixel spacing in Y:1.0
    Relative pixel spacing in Z:1.0
    Select the rule criteria:and (file does contain ""DAPI"")
    Name to assign these images:DAPI
    Name to assign these objects:Cell
    Select the image type:Grayscale image
    Set intensity range from:Image metadata
    Maximum intensity:255.0
    Select the rule criteria:and (file does contain ""VIP"")
    Name to assign these images:VIP
    Name to assign these objects:Nucleus
    Select the image type:Grayscale image
    Set intensity range from:Image metadata
    Maximum intensity:255.0
    Select the rule criteria:and (file does contain ""alpha7"")
    Name to assign these images:alpha7
    Name to assign these objects:Cytoplasm
    Select the image type:Grayscale image
    Set intensity range from:Image metadata
    Maximum intensity:255.0
    Select the rule criteria:and (file does contain ""beta2"")
    Name to assign these images:beta2
    Name to assign these objects:Speckle
    Select the image type:Grayscale image
    Set intensity range from:Image metadata
    Maximum intensity:255.0

Groups:[module_num:4|svn_version:'Unknown'|variable_revision_number:2|show_window:False|notes:['The Groups module optionally allows you to split your list of images into image subsets (groups) which will be processed independently of each other. Examples of groupings include screening batches, microtiter plates, time-lapse movies, etc.']|batch_state:array([], dtype=uint8)|enabled:True|wants_pause:False]
    Do you want to group your images?:No
    grouping metadata count:1
    Metadata category:FileLocation

EnhanceOrSuppressFeatures:[module_num:5|svn_version:'Unknown'|variable_revision_number:7|show_window:True|notes:[]|batch_state:array([], dtype=uint8)|enabled:True|wants_pause:False]
    Select the input image:DAPI
    Name the output image:DAPI_enhanced
    Select the operation:Enhance
    Feature size:50
    Feature type:Speckles
    Range of hole sizes:1,10
    Smoothing scale:2.0
    Shear angle:0.0
    Decay:0.95
    Enhancement method:Tubeness
    Speed and accuracy:Fast
    Rescale result image:No

EnhanceOrSuppressFeatures:[module_num:6|svn_version:'Unknown'|variable_revision_number:7|show_window:True|notes:[]|batch_state:array([], dtype=uint8)|enabled:True|wants_pause:False]
    Select the input image:alpha7
    Name the output image:alpha7_enhanced
    Select the operation:Enhance
    Feature size:6
    Feature type:Speckles
    Range of hole sizes:1,10
    Smoothing scale:2.0
    Shear angle:0.0
    Decay:0.95
    Enhancement method:Tubeness
    Speed and accuracy:Slow
    Rescale result image:No

EnhanceOrSuppressFeatures:[module_num:7|svn_version:'Unknown'|variable_revision_number:7|show_window:True|notes:[]|batch_state:array([], dtype=uint8)|enabled:True|wants_pause:False]
    Select the input image:beta2
    Name the output image:beta2_enhanced
    Select the operation:Enhance
    Feature size:6
    Feature type:Speckles
    Range of hole sizes:1,10
    Smoothing scale:2.0
    Shear angle:0.0
    Decay:0.95
    Enhancement method:Tubeness
    Speed and accuracy:Slow
    Rescale result image:No

IdentifyPrimaryObjects:[module_num:8|svn_version:'Unknown'|variable_revision_number:15|show_window:True|notes:[]|batch_state:array([], dtype=uint8)|enabled:True|wants_pause:False]
    Select the input image:DAPI_enhanced
    Name the primary objects to be identified:nuclei
    Typical diameter of objects, in pixel units (Min,Max):10,60
    Discard objects outside the diameter range?:Yes
    Discard objects touching the border of the image?:No
    Method to distinguish clumped objects:Intensity
    Method to draw dividing lines between clumped objects:Intensity
    Size of smoothing filter:10
    Suppress local maxima that are closer than this minimum allowed distance:7.0
    Speed up by using lower-resolution image to find local maxima?:No
    Fill holes in identified objects?:After both thresholding and declumping
    Automatically calculate size of smoothing filter for declumping?:Yes
    Automatically calculate minimum allowed distance between local maxima?:Yes
    Handling of objects if excessive number of objects identified:Continue
    Maximum number of objects:500
    Use advanced settings?:Yes
    Threshold setting version:12
    Threshold strategy:Global
    Thresholding method:Otsu
    Threshold smoothing scale:1.3488
    Threshold correction factor:1.0
    Lower and upper bounds on threshold:0.005,1.0
    Manual threshold:0.0
    Select the measurement to threshold with:None
    Two-class or three-class thresholding?:Three classes
    Log transform before thresholding?:No
    Assign pixels in the middle intensity class to the foreground or the background?:Foreground
    Size of adaptive window:50
    Lower outlier fraction:0.05
    Upper outlier fraction:0.05
    Averaging method:Mean
    Variance method:Standard deviation
    # of deviations:2.0
    Thresholding method:Minimum Cross-Entropy

IdentifySecondaryObjects:[module_num:9|svn_version:'Unknown'|variable_revision_number:10|show_window:True|notes:[]|batch_state:array([], dtype=uint8)|enabled:True|wants_pause:False]
    Select the input objects:nuclei
    Name the objects to be identified:Cells
    Select the method to identify the secondary objects:Distance - N
    Select the input image:DAPI_enhanced
    Number of pixels by which to expand the primary objects:20
    Regularization factor:0.05
    Discard secondary objects touching the border of the image?:No
    Discard the associated primary objects?:No
    Name the new primary objects:FilteredNuclei
    Fill holes in identified objects?:Yes
    Threshold setting version:12
    Threshold strategy:Global
    Thresholding method:Otsu
    Threshold smoothing scale:0.0
    Threshold correction factor:1.0
    Lower and upper bounds on threshold:0.0,1.0
    Manual threshold:0.0
    Select the measurement to threshold with:None
    Two-class or three-class thresholding?:Three classes
    Log transform before thresholding?:No
    Assign pixels in the middle intensity class to the foreground or the background?:Foreground
    Size of adaptive window:50
    Lower outlier fraction:0.05
    Upper outlier fraction:0.05
    Averaging method:Mean
    Variance method:Standard deviation
    # of deviations:2.0
    Thresholding method:Minimum Cross-Entropy

MeasureObjectIntensity:[module_num:10|svn_version:'Unknown'|variable_revision_number:4|show_window:True|notes:[]|batch_state:array([], dtype=uint8)|enabled:True|wants_pause:False]
    Select images to measure:VIP
    Select objects to measure:Cells

IdentifyPrimaryObjects:[module_num:11|svn_version:'Unknown'|variable_revision_number:15|show_window:True|notes:[]|batch_state:array([], dtype=uint8)|enabled:True|wants_pause:False]
    Select the input image:alpha7_enhanced
    Name the primary objects to be identified:alpha7_puncta
    Typical diameter of objects, in pixel units (Min,Max):1,3
    Discard objects outside the diameter range?:Yes
    Discard objects touching the border of the image?:No
    Method to distinguish clumped objects:Intensity
    Method to draw dividing lines between clumped objects:Intensity
    Size of smoothing filter:10
    Suppress local maxima that are closer than this minimum allowed distance:7.0
    Speed up by using lower-resolution image to find local maxima?:No
    Fill holes in identified objects?:After both thresholding and declumping
    Automatically calculate size of smoothing filter for declumping?:Yes
    Automatically calculate minimum allowed distance between local maxima?:Yes
    Handling of objects if excessive number of objects identified:Continue
    Maximum number of objects:500
    Use advanced settings?:Yes
    Threshold setting version:12
    Threshold strategy:Adaptive
    Thresholding method:Otsu
    Threshold smoothing scale:1.3488
    Threshold correction factor:1.0
    Lower and upper bounds on threshold:0.002,1.0
    Manual threshold:0.0
    Select the measurement to threshold with:None
    Two-class or three-class thresholding?:Three classes
    Log transform before thresholding?:No
    Assign pixels in the middle intensity class to the foreground or the background?:Foreground
    Size of adaptive window:50
    Lower outlier fraction:0.05
    Upper outlier fraction:0.05
    Averaging method:Mean
    Variance method:Standard deviation
    # of deviations:2.0
    Thresholding method:Otsu

IdentifyPrimaryObjects:[module_num:12|svn_version:'Unknown'|variable_revision_number:15|show_window:True|notes:[]|batch_state:array([], dtype=uint8)|enabled:True|wants_pause:False]
    Select the input image:beta2_enhanced
    Name the primary objects to be identified:beta2_puncta
    Typical diameter of objects, in pixel units (Min,Max):1,3
    Discard objects outside the diameter range?:Yes
    Discard objects touching the border of the image?:No
    Method to distinguish clumped objects:Intensity
    Method to draw dividing lines between clumped objects:Intensity
    Size of smoothing filter:10
    Suppress local maxima that are closer than this minimum allowed distance:7.0
    Speed up by using lower-resolution image to find local maxima?:No
    Fill holes in identified objects?:After both thresholding and declumping
    Automatically calculate size of smoothing filter for declumping?:Yes
    Automatically calculate minimum allowed distance between local maxima?:Yes
    Handling of objects if excessive number of objects identified:Continue
    Maximum number of objects:500
    Use advanced settings?:Yes
    Threshold setting version:12
    Threshold strategy:Adaptive
    Thresholding method:Otsu
    Threshold smoothing scale:1.3488
    Threshold correction factor:1.0
    Lower and upper bounds on threshold:0.002,1
    Manual threshold:0.0
    Select the measurement to threshold with:None
    Two-class or three-class thresholding?:Three classes
    Log transform before thresholding?:No
    Assign pixels in the middle intensity class to the foreground or the background?:Foreground
    Size of adaptive window:50
    Lower outlier fraction:0.05
    Upper outlier fraction:0.05
    Averaging method:Mean
    Variance method:Standard deviation
    # of deviations:2.0
    Thresholding method:Otsu

FilterObjects:[module_num:13|svn_version:'Unknown'|variable_revision_number:10|show_window:True|notes:[]|batch_state:array([], dtype=uint8)|enabled:True|wants_pause:False]
    Select the objects to filter:Cells
    Name the output objects:VIP_positive_alpha7
    Select the filtering mode:Measurements
    Select the filtering method:Limits
    Select the objects that contain the filtered objects:None
    Select the location of the rules or classifier file:Elsewhere...|
    Rules or classifier file name:rules.txt
    Class number:1
    Measurement count:1
    Additional object count:0
    Assign overlapping child to:Both parents
    Keep removed objects as a separate set?:Yes
    Name the objects removed by the filter:VIP_negative_alpha7
    Select the measurement to filter by:Intensity_MeanIntensity_VIP
    Filter using a minimum measurement value?:Yes
    Minimum value:0.005
    Filter using a maximum measurement value?:No
    Maximum value:1.0
    Allow fuzzy feature matching?:No

FilterObjects:[module_num:14|svn_version:'Unknown'|variable_revision_number:10|show_window:True|notes:[]|batch_state:array([], dtype=uint8)|enabled:True|wants_pause:False]
    Select the objects to filter:Cells
    Name the output objects:VIP_positive_beta2
    Select the filtering mode:Measurements
    Select the filtering method:Limits
    Select the objects that contain the filtered objects:None
    Select the location of the rules or classifier file:Elsewhere...|
    Rules or classifier file name:rules.txt
    Class number:1
    Measurement count:1
    Additional object count:0
    Assign overlapping child to:Both parents
    Keep removed objects as a separate set?:Yes
    Name the objects removed by the filter:VIP_negative_beta2
    Select the measurement to filter by:Intensity_MeanIntensity_VIP
    Filter using a minimum measurement value?:Yes
    Minimum value:0.005
    Filter using a maximum measurement value?:No
    Maximum value:1.0
    Allow fuzzy feature matching?:No

RelateObjects:[module_num:15|svn_version:'Unknown'|variable_revision_number:5|show_window:True|notes:[]|batch_state:array([], dtype=uint8)|enabled:True|wants_pause:False]
    Parent objects:VIP_positive_alpha7
    Child objects:alpha7_puncta
    Calculate child-parent distances?:Both
    Calculate per-parent means for all child measurements?:Yes
    Calculate distances to other parents?:No
    Do you want to save the children with parents as a new object set?:No
    Name the output object:RelateObjects
    Parent name:None

RelateObjects:[module_num:16|svn_version:'Unknown'|variable_revision_number:5|show_window:True|notes:[]|batch_state:array([], dtype=uint8)|enabled:True|wants_pause:False]
    Parent objects:VIP_positive_beta2
    Child objects:beta2_puncta
    Calculate child-parent distances?:Both
    Calculate per-parent means for all child measurements?:Yes
    Calculate distances to other parents?:No
    Do you want to save the children with parents as a new object set?:No
    Name the output object:RelateObjects
    Parent name:None

RelateObjects:[module_num:17|svn_version:'Unknown'|variable_revision_number:5|show_window:True|notes:[]|batch_state:array([], dtype=uint8)|enabled:True|wants_pause:False]
    Parent objects:VIP_negative_alpha7
    Child objects:alpha7_puncta
    Calculate child-parent distances?:Both
    Calculate per-parent means for all child measurements?:Yes
    Calculate distances to other parents?:No
    Do you want to save the children with parents as a new object set?:No
    Name the output object:RelateObjects
    Parent name:None

RelateObjects:[module_num:18|svn_version:'Unknown'|variable_revision_number:5|show_window:True|notes:[]|batch_state:array([], dtype=uint8)|enabled:True|wants_pause:False]
    Parent objects:VIP_negative_beta2
    Child objects:beta2_puncta
    Calculate child-parent distances?:Both
    Calculate per-parent means for all child measurements?:Yes
    Calculate distances to other parents?:No
    Do you want to save the children with parents as a new object set?:No
    Name the output object:RelateObjects
    Parent name:None

ClassifyObjects:[module_num:19|svn_version:'Unknown'|variable_revision_number:4|show_window:True|notes:[]|batch_state:array([], dtype=uint8)|enabled:True|wants_pause:False]
    Make classification decision based on:Single measurement
    Hidden:2
    Hidden:1
    Select the object to be classified:VIP_positive_alpha7
    Select the measurement to classify by:Children_alpha7_puncta_Count
    Select bin spacing:Custom-defined bins
    Number of bins:3
    Lower threshold:0.0
    Use a bin for objects below the threshold?:Yes
    Upper threshold:1.0
    Use a bin for objects above the threshold?:Yes
    Enter the custom thresholds separating the values between bins:2.2, 5.5
    Give each bin a name?:Yes
    Enter the bin names separated by commas:negative, weakPositive, strongPositive
    Retain an image of the classified objects?:Yes
    Name the output image:alpha7_classification_VIP_positive
    Select the object to be classified:VIP_positive_beta2
    Select the measurement to classify by:Children_beta2_puncta_Count
    Select bin spacing:Custom-defined bins
    Number of bins:3
    Lower threshold:0.0
    Use a bin for objects below the threshold?:Yes
    Upper threshold:1.0
    Use a bin for objects above the threshold?:Yes
    Enter the custom thresholds separating the values between bins:2.2, 5.5
    Give each bin a name?:Yes
    Enter the bin names separated by commas:negative, weakPositive, strongPositive
    Retain an image of the classified objects?:Yes
    Name the output image:beta2_classification_VIP_positive
    Select a class:None
    Name the output objects:ClassifiedObjects
    Select the object name:None
    Select the first measurement:None
    Method to select the cutoff:Mean
    Enter the cutoff value:0.5
    Select the second measurement:None
    Method to select the cutoff:Mean
    Enter the cutoff value:0.5
    Use custom names for the bins?:No
    Enter the low-low bin name:low_low
    Enter the low-high bin name:low_high
    Enter the high-low bin name:high_low
    Enter the high-high bin name:high_high
    Retain an image of the classified objects?:No
    Enter the image name:None
    Save classes as new object sets?:No
    Select the location of the classifier model file:Elsewhere...|
    Rules or classifier file name:mymodel.model
    Allow fuzzy feature matching?:No

ClassifyObjects:[module_num:20|svn_version:'Unknown'|variable_revision_number:4|show_window:True|notes:[]|batch_state:array([], dtype=uint8)|enabled:True|wants_pause:False]
    Make classification decision based on:Single measurement
    Hidden:2
    Hidden:1
    Select the object to be classified:VIP_negative_alpha7
    Select the measurement to classify by:Children_alpha7_puncta_Count
    Select bin spacing:Custom-defined bins
    Number of bins:3
    Lower threshold:0.0
    Use a bin for objects below the threshold?:Yes
    Upper threshold:1.0
    Use a bin for objects above the threshold?:Yes
    Enter the custom thresholds separating the values between bins:2.2, 5.5
    Give each bin a name?:Yes
    Enter the bin names separated by commas:negative, weakPositive, strongPositive
    Retain an image of the classified objects?:Yes
    Name the output image:alpha7_classification_VIP_negative
    Select the object to be classified:VIP_negative_beta2
    Select the measurement to classify by:Children_beta2_puncta_Count
    Select bin spacing:Custom-defined bins
    Number of bins:3
    Lower threshold:0.0
    Use a bin for objects below the threshold?:Yes
    Upper threshold:1.0
    Use a bin for objects above the threshold?:Yes
    Enter the custom thresholds separating the values between bins:2.2, 5.5
    Give each bin a name?:Yes
    Enter the bin names separated by commas:negative, weakPositive, strongPositive
    Retain an image of the classified objects?:Yes
    Name the output image:beta2_classification_VIP_negative
    Select a class:None
    Name the output objects:ClassifiedObjects
    Select the object name:None
    Select the first measurement:None
    Method to select the cutoff:Mean
    Enter the cutoff value:0.5
    Select the second measurement:None
    Method to select the cutoff:Mean
    Enter the cutoff value:0.5
    Use custom names for the bins?:No
    Enter the low-low bin name:low_low
    Enter the low-high bin name:low_high
    Enter the high-low bin name:high_low
    Enter the high-high bin name:high_high
    Retain an image of the classified objects?:No
    Enter the image name:None
    Save classes as new object sets?:No
    Select the location of the classifier model file:Elsewhere...|
    Rules or classifier file name:mymodel.model
    Allow fuzzy feature matching?:No

SaveImages:[module_num:21|svn_version:'Unknown'|variable_revision_number:16|show_window:True|notes:[]|batch_state:array([], dtype=uint8)|enabled:True|wants_pause:False]
    Select the type of image to save:Image
    Select the image to save:alpha7_classification_VIP_positive
    Select method for constructing file names:Single name
    Select image name for file prefix:alpha7
    Enter single file name:alpha7_classification_VIP_positive
    Number of digits:4
    Append a suffix to the image file name?:No
    Text to append to the image name:
    Saved file format:jpeg
    Output file location:Default Output Folder|Documents\\CellProfiler\\Output data analysis
    Image bit depth:8-bit integer
    Overwrite existing files without warning?:Yes
    When to save:Every cycle
    Record the file and path information to the saved image?:No
    Create subfolders in the output folder?:No
    Base image folder:Elsewhere...|
    How to save the series:T (Time)
    Save with lossless compression?:Yes

SaveImages:[module_num:22|svn_version:'Unknown'|variable_revision_number:16|show_window:True|notes:[]|batch_state:array([], dtype=uint8)|enabled:True|wants_pause:False]
    Select the type of image to save:Image
    Select the image to save:beta2_classification_VIP_positive
    Select method for constructing file names:Single name
    Select image name for file prefix:beta2
    Enter single file name:beta2_classification_VIP_positive
    Number of digits:4
    Append a suffix to the image file name?:No
    Text to append to the image name:
    Saved file format:jpeg
    Output file location:Default Output Folder|Documents\\CellProfiler\\Output data analysis
    Image bit depth:8-bit integer
    Overwrite existing files without warning?:Yes
    When to save:Every cycle
    Record the file and path information to the saved image?:No
    Create subfolders in the output folder?:No
    Base image folder:Elsewhere...|
    How to save the series:T (Time)
    Save with lossless compression?:Yes

SaveImages:[module_num:23|svn_version:'Unknown'|variable_revision_number:16|show_window:True|notes:[]|batch_state:array([], dtype=uint8)|enabled:True|wants_pause:False]
    Select the type of image to save:Image
    Select the image to save:alpha7_classification_VIP_negative
    Select method for constructing file names:Single name
    Select image name for file prefix:alpha7
    Enter single file name:alpha7_classification_VIP_negative
    Number of digits:4
    Append a suffix to the image file name?:No
    Text to append to the image name:
    Saved file format:jpeg
    Output file location:Default Output Folder|Documents\\CellProfiler\\Output data analysis
    Image bit depth:8-bit integer
    Overwrite existing files without warning?:Yes
    When to save:Every cycle
    Record the file and path information to the saved image?:No
    Create subfolders in the output folder?:No
    Base image folder:Elsewhere...|
    How to save the series:T (Time)
    Save with lossless compression?:Yes

SaveImages:[module_num:24|svn_version:'Unknown'|variable_revision_number:16|show_window:True|notes:[]|batch_state:array([], dtype=uint8)|enabled:True|wants_pause:False]
    Select the type of image to save:Image
    Select the image to save:beta2_classification_VIP_negative
    Select method for constructing file names:Single name
    Select image name for file prefix:beta2
    Enter single file name:beta2_classification_VIP_negative
    Number of digits:4
    Append a suffix to the image file name?:No
    Text to append to the image name:
    Saved file format:jpeg
    Output file location:Default Output Folder|Documents\\CellProfiler\\Output data analysis
    Image bit depth:8-bit integer
    Overwrite existing files without warning?:Yes
    When to save:Every cycle
    Record the file and path information to the saved image?:No
    Create subfolders in the output folder?:No
    Base image folder:Elsewhere...|
    How to save the series:T (Time)
    Save with lossless compression?:Yes

ExportToSpreadsheet:[module_num:25|svn_version:'Unknown'|variable_revision_number:13|show_window:True|notes:[]|batch_state:array([], dtype=uint8)|enabled:True|wants_pause:False]
    Select the column delimiter:Comma ("","")
    Add image metadata columns to your object data file?:No
    Add image file and folder names to your object data file?:No
    Select the measurements to export:Yes
    Calculate the per-image mean values for object measurements?:No
    Calculate the per-image median values for object measurements?:No
    Calculate the per-image standard deviation values for object measurements?:No
    Output file location:Default Output Folder|Documents\\CellProfiler\\Output data analysis
    Create a GenePattern GCT file?:No
    Select source of sample row name:Metadata
    Select the image to use as the identifier:None
    Select the metadata to use as the identifier:None
    Export all measurement types?:Yes
    Press button to select measurements:Image|ModuleError_12IdentifyPrimaryObjects,Image|ModuleError_20ClassifyObjects,Image|ModuleError_05EnhanceOrSuppressFeatures,Image|ModuleError_17RelateObjects,Image|ModuleError_15RelateObjects,Image|ModuleError_14FilterObjects,Image|ModuleError_03NamesAndTypes,Image|ModuleError_19ClassifyObjects,Image|ModuleError_18RelateObjects,Image|ModuleError_08IdentifyPrimaryObjects,Image|ModuleError_09IdentifySecondaryObjects,Image|ModuleError_07EnhanceOrSuppressFeatures,Image|ModuleError_01Images,Image|ModuleError_16RelateObjects,Image|ModuleError_11IdentifyPrimaryObjects,Image|ModuleError_13FilterObjects,Image|ModuleError_06EnhanceOrSuppressFeatures,Image|ModuleError_10MeasureObjectIntensity,Image|ModuleError_02Metadata,Image|ModuleError_04Groups,Image|Metadata_animal,Image|Metadata_Series,Image|Metadata_FileLocation,Image|Metadata_Site,Image|Metadata_Channel,Image|Metadata_Frame,Image|PathName_VIP,Image|PathName_DAPI,Image|PathName_beta2,Image|PathName_alpha7,Image|Count_VIP_positive_alpha7,Image|Count_VIP_positive_beta2,Image|Count_VIP_negative_beta2,Image|Count_VIP_negative_alpha7,Image|Count_alpha7_puncta,Image|Count_Cells,Image|Count_nuclei,Image|Count_beta2_puncta,Image|Classify_strongPositive_PctObjectsPerBin,Image|Classify_strongPositive_NumObjectsPerBin,Image|Classify_negative_NumObjectsPerBin,Image|Classify_negative_PctObjectsPerBin,Image|Classify_weakPositive_PctObjectsPerBin,Image|Classify_weakPositive_NumObjectsPerBin,Image|Threshold_OrigThreshold_alpha7_puncta,Image|Threshold_OrigThreshold_nuclei,Image|Threshold_OrigThreshold_beta2_puncta,Image|Threshold_SumOfEntropies_beta2_puncta,Image|Threshold_SumOfEntropies_nuclei,Image|Threshold_SumOfEntropies_alpha7_puncta,Image|Threshold_FinalThreshold_beta2_puncta,Image|Threshold_FinalThreshold_alpha7_puncta,Image|Threshold_FinalThreshold_nuclei,Image|Threshold_WeightedVariance_alpha7_puncta,Image|Threshold_WeightedVariance_beta2_puncta,Image|Threshold_WeightedVariance_nuclei,Image|Threshold_GuideThreshold_beta2_puncta,Image|Threshold_GuideThreshold_alpha7_puncta,Image|Height_DAPI,Image|Height_VIP,Image|Height_alpha7,Image|Height_beta2,Image|URL_beta2,Image|URL_VIP,Image|URL_DAPI,Image|URL_alpha7,Image|MD5Digest_alpha7,Image|MD5Digest_DAPI,Image|MD5Digest_VIP,Image|MD5Digest_beta2,Image|Group_Length,Image|Group_Number,Image|Group_Index,Image|FileName_DAPI,Image|FileName_VIP,Image|FileName_alpha7,Image|FileName_beta2,Image|Frame_VIP,Image|Frame_DAPI,Image|Frame_alpha7,Image|Frame_beta2,Image|Scaling_DAPI,Image|Scaling_VIP,Image|Scaling_beta2,Image|Scaling_alpha7,Image|ExecutionTime_07EnhanceOrSuppressFeatures,Image|ExecutionTime_05EnhanceOrSuppressFeatures,Image|ExecutionTime_11IdentifyPrimaryObjects,Image|ExecutionTime_04Groups,Image|ExecutionTime_02Metadata,Image|ExecutionTime_20ClassifyObjects,Image|ExecutionTime_19ClassifyObjects,Image|ExecutionTime_09IdentifySecondaryObjects,Image|ExecutionTime_08IdentifyPrimaryObjects,Image|ExecutionTime_13FilterObjects,Image|ExecutionTime_03NamesAndTypes,Image|ExecutionTime_18RelateObjects,Image|ExecutionTime_06EnhanceOrSuppressFeatures,Image|ExecutionTime_01Images,Image|ExecutionTime_17RelateObjects,Image|ExecutionTime_14FilterObjects,Image|ExecutionTime_10MeasureObjectIntensity,Image|ExecutionTime_12IdentifyPrimaryObjects,Image|ExecutionTime_16RelateObjects,Image|ExecutionTime_15RelateObjects,Image|Series_alpha7,Image|Series_beta2,Image|Series_VIP,Image|Series_DAPI,Image|Width_DAPI,Image|Width_alpha7,Image|Width_VIP,Image|Width_beta2,Experiment|CellProfiler_Version,Experiment|Pipeline_Pipeline,Experiment|Run_Timestamp,Experiment|Modification_Timestamp,VIP_negative_alpha7|Classify_negative,VIP_negative_alpha7|Classify_strongPositive,VIP_negative_alpha7|Classify_weakPositive,VIP_negative_alpha7|Location_Center_X,VIP_negative_alpha7|Location_Center_Y,VIP_negative_alpha7|Location_Center_Z,VIP_negative_alpha7|Number_Object_Number,VIP_negative_alpha7|Children_alpha7_puncta_Count,VIP_negative_alpha7|Parent_Cells,VIP_positive_beta2|Parent_Cells,VIP_positive_beta2|Children_beta2_puncta_Count,VIP_positive_beta2|Classify_weakPositive,VIP_positive_beta2|Classify_negative,VIP_positive_beta2|Classify_strongPositive,VIP_positive_beta2|Location_Center_X,VIP_positive_beta2|Location_Center_Y,VIP_positive_beta2|Location_Center_Z,VIP_positive_beta2|Number_Object_Number,nuclei|Location_Center_Y,nuclei|Location_Center_X,nuclei|Location_Center_Z,nuclei|Children_Cells_Count,nuclei|Number_Object_Number,Cells|Intensity_MeanIntensity_VIP,Cells|Intensity_IntegratedIntensity_VIP,Cells|Intensity_MaxIntensityEdge_VIP,Cells|Intensity_MinIntensityEdge_VIP,Cells|Intensity_MassDisplacement_VIP,Cells|Intensity_UpperQuartileIntensity_VIP,Cells|Intensity_MaxIntensity_VIP,Cells|Intensity_MedianIntensity_VIP,Cells|Intensity_LowerQuartileIntensity_VIP,Cells|Intensity_StdIntensity_VIP,Cells|Intensity_MeanIntensityEdge_VIP,Cells|Intensity_IntegratedIntensityEdge_VIP,Cells|Intensity_MADIntensity_VIP,Cells|Intensity_MinIntensity_VIP,Cells|Intensity_StdIntensityEdge_VIP,Cells|Children_VIP_negative_alpha7_Count,Cells|Children_VIP_negative_beta2_Count,Cells|Children_VIP_positive_alpha7_Count,Cells|Children_VIP_positive_beta2_Count,Cells|Location_Center_Y,Cells|Location_Center_Z,Cells|Location_Center_X,Cells|Location_CenterMassIntensity_Z_VIP,Cells|Location_CenterMassIntensity_Y_VIP,Cells|Location_CenterMassIntensity_X_VIP,Cells|Location_MaxIntensity_Y_VIP,Cells|Location_MaxIntensity_X_VIP,Cells|Location_MaxIntensity_Z_VIP,Cells|Parent_nuclei,Cells|Number_Object_Number,VIP_positive_alpha7|Location_Center_X,VIP_positive_alpha7|Location_Center_Y,VIP_positive_alpha7|Location_Center_Z,VIP_positive_alpha7|Number_Object_Number,VIP_positive_alpha7|Classify_weakPositive,VIP_positive_alpha7|Classify_negative,VIP_positive_alpha7|Classify_strongPositive,VIP_positive_alpha7|Parent_Cells,VIP_positive_alpha7|Children_alpha7_puncta_Count,VIP_negative_beta2|Location_Center_Z,VIP_negative_beta2|Location_Center_X,VIP_negative_beta2|Location_Center_Y,VIP_negative_beta2|Classify_weakPositive,VIP_negative_beta2|Classify_negative,VIP_negative_beta2|Classify_strongPositive,VIP_negative_beta2|Children_beta2_puncta_Count,VIP_negative_beta2|Number_Object_Number,VIP_negative_beta2|Parent_Cells,alpha7_puncta|Location_Center_Z,alpha7_puncta|Location_Center_Y,alpha7_puncta|Location_Center_X,alpha7_puncta|Number_Object_Number,alpha7_puncta|Parent_VIP_positive_alpha7,alpha7_puncta|Parent_VIP_negative_alpha7,beta2_puncta|Location_Center_Y,beta2_puncta|Location_Center_Z,beta2_puncta|Location_Center_X,beta2_puncta|Number_Object_Number,beta2_puncta|Parent_VIP_negative_beta2,beta2_puncta|Parent_VIP_positive_beta2
    Representation of Nan/Inf:NaN
    Add a prefix to file names?:No
    Filename prefix:MyExpt_
    Overwrite existing files without warning?:Yes
    Data to export:Image
    Combine these object measurements with those of the previous object?:No
    File name:DATA.csv
    Use the object name for the file name?:Yes
    Data to export:Image
    Combine these object measurements with those of the previous object?:No
    File name:DATA.csv
    Use the object name for the file name?:Yes
"
Run_Timestamp,2025-07-31T14:30:44.373518
